,genre,difficulty,predictability,emotional_valence,concreteness,tone,topic_hint
genre,1.0,0.0,0.10695247624548367,0.0,0.09375409920801935,0.13720286214945532,0.0
difficulty,0.0,1.0,0.0,0.0,0.0,0.0,0.0
predictability,0.10695247624548367,0.0,1.0,0.0,0.0,0.03409880583534657,0.0
emotional_valence,0.0,0.0,0.0,1.0,0.0,0.0,0.0
concreteness,0.09375409920801935,0.0,0.0,0.0,1.0,0.13720286214945532,0.0
tone,0.13720286214945532,0.0,0.03409880583534657,0.0,0.13720286214945532,1.0,0.0
topic_hint,0.0,0.0,0.0,0.0,0.0,0.0,1.0
