,genre,difficulty,predictability,emotional_valence,concreteness,tone,topic_hint
genre,2.0670658180782613e-15,0.8254979107046322,0.1890312013209159,0.8876079367104764,0.21152518278312357,0.13954655934962823,0.9986287261039448
difficulty,0.8254979107046322,2.0670658180782613e-15,0.4221688651243698,0.7007327855634563,0.8254979107046322,0.6575888868182371,0.9986287261039448
predictability,0.1890312013209159,0.4221688651243698,2.0670658180782613e-15,0.8846753275348171,0.4221688651243698,0.2968704972612486,0.9833252619319018
emotional_valence,0.8876079367104764,0.7007327855634563,0.8846753275348171,2.7901504000403763e-26,0.9724978377351585,0.5331060506141703,0.99640219986178
concreteness,0.21152518278312357,0.8254979107046322,0.4221688651243698,0.9724978377351585,2.0670658180782613e-15,0.13954655934962823,0.9351083145970391
tone,0.13954655934962823,0.6575888868182371,0.2968704972612486,0.5331060506141703,0.13954655934962823,2.0670658180782534e-15,0.8079161186877742
topic_hint,0.9986287261039448,0.9986287261039448,0.9833252619319018,0.99640219986178,0.9351083145970391,0.8079161186877742,6.664222415253114e-36
