,genre,difficulty,predictability,emotional_valence,concreteness,tone,topic_hint
genre,1.0,0.027777777777777773,0.1654792045544075,0.0615217463678767,0.1574074074074074,0.18614519776248503,0.02183070133314934
difficulty,0.027777777777777773,1.0,0.10112618056102682,0.10625346380471709,0.027777777777777773,0.055843559328745525,0.02183070133314934
predictability,0.1654792045544075,0.10112618056102682,1.0,0.06236975325821273,0.10112618056102682,0.13142681283139793,0.05086942466108886
emotional_valence,0.0615217463678767,0.10625346380471709,0.06236975325821273,1.0,0.029754245742433228,0.14131299329723798,0.06900071389742797
concreteness,0.1574074074074074,0.027777777777777773,0.10112618056102682,0.029754245742433228,1.0,0.18614519776248503,0.08209869717864816
tone,0.18614519776248503,0.055843559328745525,0.13142681283139793,0.14131299329723798,0.18614519776248503,1.0,0.12424100006676865
topic_hint,0.02183070133314934,0.02183070133314934,0.05086942466108886,0.06900071389742797,0.08209869717864815,0.12424100006676865,1.0
